room_id,url,title,room_type,bedrooms,beds,bathrooms,guests_capacity,price,rating_overall,rating_accuracy,rating_cleanliness,rating_checkin,rating_communication,rating_location,rating_value,reviews_count,host_id,host_name,is_superhost,is_guest_favorite,top_percent,badges
1112359947199425429,https://www.airbnb.com/rooms/1112359947199425429,FIRST CLASS | 2BR | Near Burj Khalifa & Dubai Mall,Entire home/apt,2,5,2.0,8,5129.0,4.93,4.76,4.81,4.98,4.88,4.95,4.86,42,23907075,Hosted by First Class,True,True,,Superhost | Guest Favorite
1451409876101230186,https://www.airbnb.com/rooms/1451409876101230186,Stylish 2BR • City Skyline View in Downtown,Entire home/apt,2,2,2.0,4,5445.0,5,5,5,5,5,5,5,1,684210990,Hosted by Living Home,False,False,,
1524710213706872005,https://www.airbnb.com/rooms/1524710213706872005,Burj & New year Fireworks View & Airport Shuttle,Entire home/apt,2,4,2.0,9,8124.0,5,5,5,5,5,5,5,12,722314603,Hosted by The Bellagge,False,True,5,Guest Favorite | Top 5%
1090547734140324529,https://www.airbnb.com/rooms/1090547734140324529,luxury apartments infront of burj khalifa,Entire home/apt,2,2,2.0,6,6049.0,4.96,4.96,5,5,4.87,5,5,23,544696796,Hosted by Majestic Oasis Vacation,True,True,,Superhost | Guest Favorite
48693323,https://www.airbnb.com/rooms/48693323,FIRST CLASS | 2BR | Burj Khalifa & Fountain view,Entire home/apt,2,3,2.0,6,8398.0,4.88,4.88,4.79,4.87,4.88,4.96,4.79,178,23907075,Hosted by First Class,True,False,,Superhost
1577004533964981730,https://www.airbnb.com/rooms/1577004533964981730,Stylish 2BR | Luxe Burj Khalifa & Dubai Opera View,Entire home/apt,2,4,2.0,10,6791.0,5,5,5,5,5,5,5,1,709731801,Hosted by Lucent Stays,False,False,,
1351438629683126485,https://www.airbnb.com/rooms/1351438629683126485,Seraya 8 | 2BDR | Prime Area | Premium Amenities,Entire home/apt,2,2,2.0,5,6663.0,4.92,5,5,4.85,4.92,5,4.85,13,593846245,Hosted by Pepijn,True,True,,Superhost | Guest Favorite
1035179036591229350,https://www.airbnb.com/rooms/1035179036591229350,2-Bedroom in the Heart of Downtown Dubai,Entire home/apt,2,2,2.0,4,5091.0,4.88,4.88,4.81,4.69,4.94,5,4.63,16,527792431,Hosted by La Coleccion Vacation Homes Rental LLC,True,False,,Superhost
1123073277066171406,https://www.airbnb.com/rooms/1123073277066171406,Lux Apartment in Downtown - Walk to Dubai Mall,Entire home/apt,2,4,2.0,6,5473.0,4.9,4.9,4.82,4.94,4.94,4.98,4.82,49,540147455,Hosted by Busra,True,True,,Superhost | Guest Favorite
1394726771429285028,https://www.airbnb.com/rooms/1394726771429285028,GuestReady - Burj Khalifa View l Skyline Gem,Entire home/apt,2,2,2.0,4,6164.0,4.75,4.63,4.88,4.75,4.63,4.88,4.63,8,688088174,Hosted by GuestReady,False,False,,
1481078993413753453,https://www.airbnb.com/rooms/1481078993413753453,Luxury 2BR With Balcony & Pool View in Burj Crown,Entire home/apt,2,2,2.0,4,4825.0,5,5,5,5,5,5,5,2,710709564,Hosted by Mohmmed Bux,True,False,,Superhost
1304278181026643026,https://www.airbnb.com/rooms/1304278181026643026,Burj & Fountain Views | Luxe 2BR w/ PS5 + Parking,Entire home/apt,2,4,2.0,8,9601.0,4.96,4.96,4.91,4.93,4.96,5,4.93,45,582218697,Hosted by YADO Vacation Homes,True,True,,Superhost | Guest Favorite
1458653922529520820,https://www.airbnb.com/rooms/1458653922529520820,2 Bedroom Spacious & Glamorous | Downtown Dubai,Entire home/apt,2,3,2.0,4,5935.0,5,5,5,5,5,5,5,10,49169071,Hosted by Eonike,False,True,10,Guest Favorite | Top 10%
1501721486559984832,https://www.airbnb.com/rooms/1501721486559984832,Burj Luxe | 2BR Near Dubai Mall & Burj Khalifa,Entire home/apt,2,3,2.0,5,5721.0,5,5,5,5,5,4.71,4.86,7,706396515,Hosted by SuperVip,False,True,,Guest Favorite
1309273198768793193,https://www.airbnb.com/rooms/1309273198768793193,New 2BR | Burj Khalifa Infinity Pool | Dubai Mall,Entire home/apt,2,4,2.0,7,6157.0,4.91,5,4.82,4.77,4.86,4.86,4.91,22,663174398,Hosted by SmartStay Homes,True,True,,Superhost | Guest Favorite
1075037078700821612,https://www.airbnb.com/rooms/1075037078700821612,Luxury 2BR in Dubai Opera Downtown,Entire home/apt,2,2,2.0,4,5509.0,4.75,4.75,4.75,5,4.75,5,4.5,4,417918357,Hosted by Sejourne,False,False,,
1586210981921850230,https://www.airbnb.com/rooms/1586210981921850230,Highest Apt. Floor - Burj Khalifa & Fountain View,Entire home/apt,3,4,2.5,10,6715.0,0,0,0,0,0,0,0,0,24281173,Hosted by Elite Royal Apartments,False,False,,
1522390480489853472,https://www.airbnb.com/rooms/1522390480489853472,2BR - Private Cinema - Pool - Walk to Burj Khalifa,Entire home/apt,2,3,2.0,5,5459.0,5,5,5,5,5,5,4.5,4,721786669,Hosted by Ralph,False,False,,
1304514343026081111,https://www.airbnb.com/rooms/1304514343026081111,LUXE 2B w/ Panaromic Burj Khalifa & Fountain Views,Entire home/apt,2,3,2.0,9,9438.0,4.95,4.92,4.89,4.95,4.97,4.97,4.86,37,665374213,Hosted by Sanctuary Stays,True,True,,Superhost | Guest Favorite
1087466220841330774,https://www.airbnb.com/rooms/1087466220841330774,Emotional Haven - Sea View- Steps to Burj khalifa,Entire home/apt,2,2,2.0,4,6055.0,4.92,4.87,4.97,4.87,4.89,5,4.87,38,111884452,Hosted by Fns,False,False,,
1461918405951200933,https://www.airbnb.com/rooms/1461918405951200933,Luxury 2BR| Fountain&BurjViews |Walk to Dubai mall,Entire home/apt,2,5,2.0,8,7757.0,5,5,5,5,5,5,5,5,706396515,Hosted by SuperVip,False,False,,
1524798629136181833,https://www.airbnb.com/rooms/1524798629136181833,Burj & New year Fireworks View & Airport Shuttle,Entire home/apt,2,4,2.0,9,7599.0,5,5,5,5,5,5,5,13,722314603,Hosted by The Bellagge,False,True,5,Guest Favorite | Top 5%
1391050485972296861,https://www.airbnb.com/rooms/1391050485972296861,Livbnb-Modern 2BR with Partial Burj Khalifa View,Entire home/apt,2,2,2.0,4,4924.0,0,0,0,0,0,0,0,0,405760695,Hosted by Livbnb,False,False,,
1394841587886530325,https://www.airbnb.com/rooms/1394841587886530325,Lux 3BR + M | Full Burj & Fountain View  |  BMS,Entire home/apt,3,5,3.0,10,10017.0,4.89,4.95,4.84,4.95,5,5,4.79,19,659848449,Hosted by Book My Stay,True,True,,Superhost | Guest Favorite
1439803294023577072,https://www.airbnb.com/rooms/1439803294023577072,Luxury 2BR | Sea Burj views Khalifa infinity pool,Entire home/apt,2,3,2.0,7,7073.0,4.93,4.8,4.87,4.93,4.93,5,4.87,15,700254290,Hosted by Habita Luxe Holiday Homes,True,True,,Superhost | Guest Favorite
1394885540423147543,https://www.airbnb.com/rooms/1394885540423147543,Luxury Downtown Boulevard View | Opp. Dubai Mall,Entire home/apt,2,5,2.0,8,7045.0,5,5,4.93,5,5,5,4.93,14,4613718,Hosted by Giya,False,True,,Guest Favorite
1177263568360454549,https://www.airbnb.com/rooms/1177263568360454549,Sleeps 8! Private Cinema & World Island Views!,Entire home/apt,2,4,2.0,8,5459.0,4.74,4.77,4.81,4.61,4.9,4.9,4.61,31,527792431,Hosted by La Coleccion Vacation Homes Rental LLC,True,False,,Superhost
1555953572023580718,https://www.airbnb.com/rooms/1555953572023580718,luxury apartment in the heart of downtown dubai,Entire home/apt,2,2,2.0,4,5238.0,0,0,0,0,0,0,0,0,658639609,Hosted by Helmi,False,False,,
1539841887489123335,https://www.airbnb.com/rooms/1539841887489123335,Vogue | Grande near Burj Khalifa | Dubai Mall,Entire home/apt,2,3,2.0,6,6890.0,5,4,4,5,5,5,4,1,497849450,Hosted by Vogue,False,False,,
1461538482417881080,https://www.airbnb.com/rooms/1461538482417881080,Luxury 2BR| Dubai Water Fountain,Entire home/apt,2,2,2.0,4,5650.0,5,5,5,5,5,5,5,3,684210990,Hosted by Living Home,False,False,,
1309273680368740543,https://www.airbnb.com/rooms/1309273680368740543,New 2BR | Burj Khalifa Infinity Pool | Dubai Mall,Entire home/apt,2,5,2.0,7,6157.0,4.79,4.61,4.89,4.68,4.79,4.86,4.57,28,663174398,Hosted by SmartStay Homes,True,False,,Superhost
1304197896946184290,https://www.airbnb.com/rooms/1304197896946184290,2BR Burj & Fountain Views | PS5 + Pool Access,Entire home/apt,2,4,2.0,8,9133.0,4.96,4.94,4.94,4.98,4.96,4.98,4.98,52,582218697,Hosted by YADO Vacation Homes,True,True,5,Superhost | Guest Favorite | Top 5%
917712522030006468,https://www.airbnb.com/rooms/917712522030006468,Luxury 2Bedroom w/ Burj Khalifa & Fountain Views,Entire home/apt,2,2,2.0,4,5728.0,4.84,4.84,4.84,4.78,4.89,4.97,4.86,37,478236270,Hosted by Paul,True,False,,Superhost
1536189194503897005,https://www.airbnb.com/rooms/1536189194503897005,Ultra-luxury apartment |Stunning Burj Khalifa view,Entire home/apt,3,6,2.0,8,9346.0,5,5,5,5,5,5,4.8,6,676761141,Hosted by White Dream Luxury Apartments,False,True,,Guest Favorite
1216095928566525002,https://www.airbnb.com/rooms/1216095928566525002,2BR-Downtown Apartment- 10 Min Walk to Dubai Mall,Entire home/apt,2,5,2.0,8,6453.0,4.9,4.88,4.86,4.93,4.98,4.98,4.9,42,594197256,Hosted by Surafel,True,False,,Superhost
1369617820861079465,https://www.airbnb.com/rooms/1369617820861079465,Panoramic 2BR w/ Burj View Next to Mall,Entire home/apt,2,3,2.0,6,7647.0,5,5,4.9,4.8,5,4.9,5,10,570383249,Hosted by Let2Rent,True,True,,Superhost | Guest Favorite
1396848495580777275,https://www.airbnb.com/rooms/1396848495580777275,3 Min walk to Dubai Mall - Serenity Downtown Views,Entire home/apt,2,3,2.0,5,5750.0,4.74,4.65,4.65,4.77,4.73,4.96,4.69,27,553247147,Hosted by Rayhan,False,True,,Guest Favorite
1338215051669843467,https://www.airbnb.com/rooms/1338215051669843467,Full Burj Khalifa & Fountain View | Gym | Pool,Entire home/apt,2,4,2.0,8,7677.0,4.91,4.83,4.86,4.86,4.97,4.97,4.91,35,590753729,Hosted by Wonderful Stay,True,True,,Superhost | Guest Favorite
1299005067493506657,https://www.airbnb.com/rooms/1299005067493506657,Elegant 2 Bed Downtown Duplex - Prime Location,Entire home/apt,2,3,2.0,6,5409.0,4.25,4.5,4.63,4.63,4.5,4.75,4.06,16,463347801,Hosted by Luxfolio Retreats,False,False,,
1432023586916553564,https://www.airbnb.com/rooms/1432023586916553564,"Burj Khalifa pool view|Luxe 2BR| Dubai mall, Opera",Entire home/apt,2,3,2.0,5,8972.0,5,5,5,5,5,5,5,7,580116400,Hosted by Emerald Edin Stay,True,True,,Superhost | Guest Favorite
1313148767318918068,https://www.airbnb.com/rooms/1313148767318918068,SKY9 Luxury 2BR Apartment | Full Burj Khalifa View,Entire home/apt,2,3,2.0,6,8249.0,5,5,5,5,5,5,5,2,667308166,Hosted by Majd | SKY9 Apartments,False,False,,
1524942194537406855,https://www.airbnb.com/rooms/1524942194537406855,Burj & New year Fireworks View & Airport Shuttle,Entire home/apt,2,4,2.0,9,8786.0,5,5,4.86,5,5,4.93,5,14,722314603,Hosted by The Bellagge,False,True,10,Guest Favorite | Top 10%
1345100496170285681,https://www.airbnb.com/rooms/1345100496170285681,Skyline Sea Bliss 2BR | Persian Gulf Views I PS5,Entire home/apt,2,5,2.0,6,7566.0,5,4.94,5,4.97,4.97,4.94,4.91,34,587525923,Hosted by Skyline Serenity,True,True,,Superhost | Guest Favorite
1427621369455829435,https://www.airbnb.com/rooms/1427621369455829435,Luxury2BR•Burj View•Private Hot Tub•Walk2DubaiMall,Entire home/apt,2,4,2.0,5,13837.0,5,5,5,5,5,5,5,10,687347587,Hosted by Nobeleon,True,True,,Superhost | Guest Favorite
1443980461901334407,https://www.airbnb.com/rooms/1443980461901334407,Downtown|Fountain Views|2 BDR|5* Burj|Dubai Mall,Entire home/apt,2,5,2.0,8,8192.0,4.83,4.83,4.96,4.78,4.78,4.87,4.83,23,685733989,Hosted by Silk And Stone Retreats,True,False,,Superhost
1499362055547991135,https://www.airbnb.com/rooms/1499362055547991135,Burj Khalifa Luxury Downtown Suite | Dubai Mall,Entire home/apt,2,2,2.0,4,7403.0,5,4.94,5,5,5,5,5,18,468563133,Hosted by Mark Abrahams - Nomad City,True,True,5,Superhost | Guest Favorite | Top 5%
1294128132016966922,https://www.airbnb.com/rooms/1294128132016966922,NEW | 2BR Burj & Fountain NYE View | Dubai Mall,Entire home/apt,2,3,2.0,4,9688.0,4.97,4.95,4.97,4.95,4.97,5,4.84,38,577641185,Hosted by SmartStay Home Rental,True,True,,Superhost | Guest Favorite
1343694568235784669,https://www.airbnb.com/rooms/1343694568235784669,Skyline Symphony 2BR | PS5 | Burj & Fountain Views,Entire home/apt,2,4,2.0,7,8451.0,5,5,5,5,5,5,5,5,587525923,Hosted by Skyline Serenity,True,True,,Superhost | Guest Favorite
927518231694378096,https://www.airbnb.com/rooms/927518231694378096,Elegant Style Brand new 2BDR in Heart of Downtown,Entire home/apt,2,3,2.0,4,6419.0,4.81,4.83,4.8,4.8,4.8,4.93,4.76,59,179095869,Hosted by Luxury Living Vacation Homes Rental L.L.C,False,False,,
1546238738932012561,https://www.airbnb.com/rooms/1546238738932012561,GuestReady - 2BR l High-Rise Elegance,Entire home/apt,2,2,2.0,4,7946.0,5,5,5,4.75,4.25,5,4.75,4,726803777,Hosted by GuestReady,False,False,,
1421938740737687863,https://www.airbnb.com/rooms/1421938740737687863,Elite Escapes - 2 BHK Luxurious - Grande Signature,Entire home/apt,2,3,2.0,4,9285.0,4.83,4.83,4.67,4.67,4.83,5,4.67,6,541191025,Hosted by Elite,True,False,,Superhost
1407180526052067414,https://www.airbnb.com/rooms/1407180526052067414,Sky-High Elegance w/ Unrivaled Burj Khalifa Views,Entire home/apt,3,3,3.5,7,12473.0,5,5,5,5,5,5,5,2,478236270,Hosted by Paul,True,False,,Superhost
1566451189380149057,https://www.airbnb.com/rooms/1566451189380149057,Chic 2BR | Walk to Dubai Mall | Burj Khalifa Views,Entire home/apt,2,4,2.0,5,7435.0,0,0,0,0,0,0,0,0,721271427,Hosted by La Brisa,False,False,,
1384275989041300771,https://www.airbnb.com/rooms/1384275989041300771,Quiet Luxury Near Dubai Mall | Burj Khalifa | DT,Entire home/apt,2,2,2.0,4,8219.0,5,5,5,5,5,5,5,20,662519732,Hosted by The Home Collective,False,True,5,Guest Favorite | Top 5%
1417558997093534120,https://www.airbnb.com/rooms/1417558997093534120,Near Burj Khalifa | Dubai Fountain and Dubai Mall,Entire home/apt,2,4,2.0,8,6365.0,5,5,4.91,4.82,5,5,4.82,11,577023702,Hosted by Ayshan,True,True,,Superhost | Guest Favorite
1501355747815516389,https://www.airbnb.com/rooms/1501355747815516389,Breathtaking views | Steps from Dubai Mall | PS5,Entire home/apt,2,4,2.0,8,8968.0,4.83,4.92,5,5,5,5,4.75,12,691254724,Hosted by Sun Breeze Homes,True,False,,Superhost
1397605018695482881,https://www.airbnb.com/rooms/1397605018695482881,Central 2BR w/ Burj Khalifa & Fountain Views,Entire home/apt,2,2,2.5,4,8636.0,4.82,4.82,4.82,4.77,4.77,5,4.77,22,665357291,Hosted by Sea Breeze Retreat Vacation Homes,True,False,,Superhost
1300789651130727123,https://www.airbnb.com/rooms/1300789651130727123,Skyline Top-Tier 2BR | PS5 | Burj & Fountain Views,Entire home/apt,2,4,2.0,6,7642.0,5,4.91,4.91,5,5,5,4.91,11,587525923,Hosted by Skyline Serenity,True,True,,Superhost | Guest Favorite
1396711591384900740,https://www.airbnb.com/rooms/1396711591384900740,Skyline Vista Mare 2BR | Persian Gulf Views I PS5,Entire home/apt,2,5,2.0,8,8157.0,4.93,4.93,4.96,4.96,4.86,5,4.89,28,587525923,Hosted by Skyline Serenity,True,True,,Superhost | Guest Favorite
1278915590539944479,https://www.airbnb.com/rooms/1278915590539944479,NEW | 2BR Burj & Fountain NYE View | Dubai Mall,Entire home/apt,2,4,2.0,8,9688.0,5,5,5,4.96,5,5,4.89,27,577641185,Hosted by SmartStay Home Rental,True,True,10,Superhost | Guest Favorite | Top 10%
1433792680835676411,https://www.airbnb.com/rooms/1433792680835676411,"Elegant 2BR Apartment near Burj Khalifa, Downtown",Entire home/apt,2,3,2.0,10,8695.0,5,5,5,5,5,5,5,7,694835596,Hosted by Wanderhaus Holiday Homes,True,True,,Superhost | Guest Favorite
1425152983919534513,https://www.airbnb.com/rooms/1425152983919534513,"Full Burj Khalifa, Dubai Fountain & Dubai Mall |5*",Entire home/apt,2,0,2.0,5,12650.0,5,5,5,5,5,5,4.96,24,696529124,Hosted by Columbia,True,True,5,Superhost | Guest Favorite | Top 5%
1573006064939567742,https://www.airbnb.com/rooms/1573006064939567742,Stunning 2BR Apartment | Opera District Downtown,Entire home/apt,2,4,2.0,8,6518.0,5,5,5,5,5,5,5,1,728475896,Hosted by THH Luxury Stays,False,False,,
1582041521521155747,https://www.airbnb.com/rooms/1582041521521155747,"Spacious & Stylish 3BR Apt. in Forte T1, Downtown",Entire home/apt,4,6,2.5,8,6711.0,0,0,0,0,0,0,0,0,459846326,Hosted by Colife,False,False,,
1579589339685530152,https://www.airbnb.com/rooms/1579589339685530152,Deluxe Address Opera Home,Entire home/apt,2,2,2.0,4,6377.0,0,0,0,0,0,0,0,0,462195918,Hosted by OcleyHomes,False,False,,
1559385460690951523,https://www.airbnb.com/rooms/1559385460690951523,Ultra-luxury apartment |Stunning Burj Khalifa view,Entire home/apt,2,4,2.0,6,11536.0,5,5,5,5,5,5,5,1,730140575,Hosted by Heaven Stay,False,False,,
1418074141509651102,https://www.airbnb.com/rooms/1418074141509651102,New 2BR | Burj Khalifa Infinity Pool | Dubai Mall,Entire home/apt,2,5,2.0,7,6157.0,4.71,4.64,4.71,4.86,4.79,4.93,4.71,14,663174398,Hosted by SmartStay Homes,True,False,,Superhost
1385300612174992640,https://www.airbnb.com/rooms/1385300612174992640,Burj Khalifa View 2BR| 5min to Dubai Mall |4403,Entire home/apt,2,2,2.0,4,6680.0,4.71,4.57,4.86,4.43,4.71,5,4.71,7,684210990,Hosted by Living Home,False,False,,
1401268241016534803,https://www.airbnb.com/rooms/1401268241016534803,Luxury Apt w/ Spectacular Burj Khalifa Views,Entire home/apt,2,2,2.0,4,12167.0,5,5,5,4.94,4.88,4.94,4.94,17,478236270,Hosted by Paul,True,True,,Superhost | Guest Favorite
1434799989071427745,https://www.airbnb.com/rooms/1434799989071427745,Exclusive Cityscape w/ Panoramic Burj Khalifa Vws,Entire home/apt,2,2,2.0,4,9317.0,4.94,4.94,4.81,4.88,4.88,5,4.75,16,478236270,Hosted by Paul,True,True,,Superhost | Guest Favorite
1427614844406097365,https://www.airbnb.com/rooms/1427614844406097365,New 2BR Downtown| Burj Khalifa | 8 Min Dubai Mall,Entire home/apt,2,3,2.0,6,7975.0,5,4.9,5,4.9,5,5,5,10,691609490,Hosted by Akash,True,True,,Superhost | Guest Favorite
1554181298718281490,https://www.airbnb.com/rooms/1554181298718281490,Premium Luxury Burj & Fountain View Stay,Entire home/apt,2,2,2.0,4,13457.0,5,5,5,5,5,5,5,1,594322908,Hosted by Levelly,True,False,,Superhost
1427619253263166118,https://www.airbnb.com/rooms/1427619253263166118,Luxury2BR•Burj View•Private Hot Tub•Walk2DubaiMall,Entire home/apt,2,4,2.0,6,12960.0,4.75,4.75,4.92,4.67,4.83,5,4.58,12,687347587,Hosted by Nobeleon,True,False,,Superhost
1523819764813830645,https://www.airbnb.com/rooms/1523819764813830645,New ! Ultimate Luxury Unit Across Dubai Opera,Entire home/apt,3,4,3.5,6,9735.0,5,5,5,5,5,5,4.33,3,30450757,Hosted by Carpe Diem Lifestyle,False,False,,
1498502971978521087,https://www.airbnb.com/rooms/1498502971978521087,GRaNDE New Year Best BURJ Khalifa Firework view,Entire home/apt,2,3,2.0,6,9210.0,4.95,4.95,4.95,4.81,4.9,5,4.95,21,712650819,Hosted by Abdul Ahad,True,True,,Superhost | Guest Favorite
1320165520292579274,https://www.airbnb.com/rooms/1320165520292579274,Burj Khalifa Pool | 2BR | Brand New | High Floor,Entire home/apt,2,4,2.0,7,7530.0,4.97,4.93,4.95,4.98,4.98,4.98,4.87,60,597798169,Hosted by Luxe Living Collection,True,True,10,Superhost | Guest Favorite | Top 10%
31639292,https://www.airbnb.com/rooms/31639292,Elite Royal Suit | 4BR | Full Burj Khalifa View,Entire home/apt,4,5,3.5,10,10442.0,4.8,4.73,4.78,4.78,4.83,4.96,4.66,99,24281173,Hosted by Elite Royal Apartments,False,False,,
1371593163317515643,https://www.airbnb.com/rooms/1371593163317515643,Skyline Sea Blue 2BR | Persian Gulf Views I PS5,Entire home/apt,2,5,2.0,8,7579.0,5,4.69,5,5,5,5,4.69,13,587525923,Hosted by Skyline Serenity,True,True,,Superhost | Guest Favorite
1278930985987479595,https://www.airbnb.com/rooms/1278930985987479595,NEW | 2BR Burj & Fountain NYE View | Dubai Mall,Entire home/apt,2,4,2.0,8,9688.0,4.85,4.85,5,4.81,4.85,4.93,4.78,27,577641185,Hosted by SmartStay Home Rental,True,True,,Superhost | Guest Favorite
543163763629844809,https://www.airbnb.com/rooms/543163763629844809,2BR Dubai | Burj Khalifa Fountain View Pool & Gym,Entire home/apt,2,2,2.5,6,7430.0,4.86,4.85,4.77,4.84,4.84,4.99,4.76,97,23907075,Hosted by First Class,True,False,,Superhost
1404312213402851233,https://www.airbnb.com/rooms/1404312213402851233,Opulent 3BR + Maids with Full Burj Khalifa Views,Entire home/apt,3,3,3.0,7,10061.0,4.56,4.56,4.56,4.56,4.56,5,4.11,9,478528859,Hosted by Frank,False,False,,
1505216875985109587,https://www.airbnb.com/rooms/1505216875985109587,Burj Grande 2BR – Burj Khalifa & Fountain View47,Entire home/apt,2,2,2.0,6,8951.0,4.88,4.88,4.88,4.88,5,4.88,4.75,8,716913702,Hosted by Ferid,False,True,,Guest Favorite
1427617357631949563,https://www.airbnb.com/rooms/1427617357631949563,Sky High 2BR•Burj Khalifa View •Walk to Dubai Mall,Entire home/apt,2,4,1.0,6,12877.0,4.89,5,4.89,4.89,5,5,4.89,18,687347587,Hosted by Nobeleon,True,True,,Superhost | Guest Favorite
1578014905827893324,https://www.airbnb.com/rooms/1578014905827893324,Skyline Platinum | 4BR Burj & Fountain Views,Entire home/apt,4,6,3.0,12,9310.0,0,0,0,0,0,0,0,0,587525923,Hosted by Skyline Serenity,True,False,,Superhost
1514966361864477557,https://www.airbnb.com/rooms/1514966361864477557,Amazing 2BR near Burj Khalifa at Forte 2,Entire home/apt,2,3,2.0,4,5746.0,4.8,4.6,4.6,5,5,5,4.8,5,710709564,Hosted by Mohmmed Bux,True,False,,Superhost
1319544449238763205,https://www.airbnb.com/rooms/1319544449238763205,A Living Nestled in the lakefront of Burj Khalifa,Entire home/apt,2,2,2.0,4,12000.0,4.93,4.93,4.86,4.57,4.79,4.86,4.79,14,597337648,Hosted by Tuscany Holiday Homes,True,False,,Superhost
1354016910726170333,https://www.airbnb.com/rooms/1354016910726170333,ROMExDXB •Full Burj&Fountain View• Downtown Dubai,Entire home/apt,2,4,2.0,6,8700.0,5,5,5,4.91,5,5,4.94,34,560492019,Hosted by Centurion Lofts,True,True,5,Superhost | Guest Favorite | Top 5%
1323924797450997798,https://www.airbnb.com/rooms/1323924797450997798,2 Min Walk to Burj Khalifa | 2BR | Main Boulvard ,Entire home/apt,2,4,2.5,8,6944.0,4.89,4.83,4.87,4.94,4.93,4.96,4.86,70,597798169,Hosted by Luxe Living Collection,True,True,,Superhost | Guest Favorite
1294129482587966607,https://www.airbnb.com/rooms/1294129482587966607,NEW | 2BR Burj & Fountain NYE View | Dubai Mall,Entire home/apt,2,2,2.0,4,9688.0,4.56,4.56,4.69,4.5,4.56,4.94,4.5,16,577641185,Hosted by SmartStay Home Rental,True,False,,Superhost
1330159749407006257,https://www.airbnb.com/rooms/1330159749407006257,Skyline Royale 2BR | PS5 | Burj & Fountain Views,Entire home/apt,2,4,2.0,7,8881.0,5,4.82,4.82,5,5,5,4.82,11,587525923,Hosted by Skyline Serenity,True,True,,Superhost | Guest Favorite
1552193716148508890,https://www.airbnb.com/rooms/1552193716148508890,"Luxury 2BR Burj Khalifa View, Opera District",Entire home/apt,2,5,2.0,10,8336.0,4.8,4.8,5,5,5,4.8,4.8,5,549644599,Hosted by DVH Luxe Retreats,False,True,,Guest Favorite
1582567887583502360,https://www.airbnb.com/rooms/1582567887583502360,StandPoint Residence by Hogar,Entire home/apt,2,2,2.5,4,5711.0,0,0,0,0,0,0,0,0,694054340,Hosted by Sunil,False,False,,
1505240079229725435,https://www.airbnb.com/rooms/1505240079229725435,Burj Grande 2BR – Burj Khalifa & Fountain View 63,Entire home/apt,2,2,2.0,6,9572.0,5,5,5,4.91,5,5,4.91,11,716913702,Hosted by Ferid,False,True,10,Guest Favorite | Top 10%
1500003722958883210,https://www.airbnb.com/rooms/1500003722958883210,"Burj Crown 2BDR in Downtown, near Burj Khalifa",Entire home/apt,2,5,2.0,9,5010.0,0,0,0,0,0,0,0,0,389053052,Hosted by Majestic Realty Vacation Homes,False,False,,
1331876763700917546,https://www.airbnb.com/rooms/1331876763700917546,Skyline Seascape 2BR | Persian Gulf Views I PS5,Entire home/apt,2,5,2.0,8,8610.0,5,5,5,5,5,5,5,9,587525923,Hosted by Skyline Serenity,True,True,,Superhost | Guest Favorite
1160655834610724924,https://www.airbnb.com/rooms/1160655834610724924,GuestReady - Downtown Dubai luxurious stay,Entire home/apt,2,2,2.0,4,8293.0,4.83,5,4.83,4.83,4.75,5,4.67,12,578566908,Hosted by GuestReady,True,False,,Superhost
1172916211259675309,https://www.airbnb.com/rooms/1172916211259675309,NEW | 4BR Burj NYE Fireworks View |Opera Grand,Entire home/apt,4,7,4.5,11,13251.0,4.92,4.95,4.91,4.85,4.88,4.97,4.86,66,509217479,Hosted by SmartStay,True,True,,Superhost | Guest Favorite
1303630210039128381,https://www.airbnb.com/rooms/1303630210039128381,Elegance at Burj Crown: Downtown Balcony & Views,Entire home/apt,2,2,2.0,6,7049.0,5,4.5,4.75,4.75,4.75,5,4.75,4,658639609,Hosted by Helmi,False,False,,
1179457232612436534,https://www.airbnb.com/rooms/1179457232612436534,"2 bed apartment, Burj & Fountain View, high floor.",Entire home/apt,2,3,2.0,6,10267.0,5,5,5,5,5,5,5,1,564037223,Hosted by Furkan,False,False,,
1468011057057161234,https://www.airbnb.com/rooms/1468011057057161234,Burj Khalifa View 2BR Luxury Retreat | Like Home,Entire home/apt,2,3,2.0,5,6467.0,5,5,5,5,5,5,5,1,245909896,Hosted by Like Home Vacation Rental,False,False,,
913310832019745630,https://www.airbnb.com/rooms/913310832019745630,Ultra-Chic Apt w/ Burj Khalifa & Fountains Views,Entire home/apt,4,5,4.5,8,19906.0,4.91,4.82,4.82,5,5,5,4.82,11,478236270,Hosted by Paul,True,True,,Superhost | Guest Favorite
1575514884249799925,https://www.airbnb.com/rooms/1575514884249799925,Iconic Burj View | 2BR Luxury Apt | PrivateTerrace,Entire home/apt,2,4,2.0,6,10273.0,5,5,5,5,5,5,5,3,730382127,Hosted by Avora Living,False,False,,
1322979202319324415,https://www.airbnb.com/rooms/1322979202319324415,2BR | Forte Tower 1 | Downtown | 3mn Burj Khalifa,Entire home/apt,2,3,2.0,6,5789.0,4.63,4.63,4.38,4.63,4.38,4.75,4.38,8,577296865,Hosted by TUKA Holiday Homes,False,False,,
1267970761726522947,https://www.airbnb.com/rooms/1267970761726522947,"Best View In Dubai| Brand New,Amazing Pool| Grande",Entire home/apt,2,2,2.5,10,11889.0,5,5,5,5,5,5,5,5,203084357,Hosted by Arami,False,True,,Guest Favorite
1233782742164961828,https://www.airbnb.com/rooms/1233782742164961828,Skyline Majestic 4BR | Burj & Fountain Views | PS5,Entire home/apt,4,6,3.5,12,12331.0,4.92,4.92,4.88,4.81,5,4.96,4.77,26,587525923,Hosted by Skyline Serenity,True,False,,Superhost
1420716555087939546,https://www.airbnb.com/rooms/1420716555087939546,Grande Tower 3BR with Burj Khalifa & Fountain View,Entire home/apt,4,5,4.0,7,13721.0,5,5,4.67,4.67,5,5,5,3,597714456,Hosted by Salima,True,False,,Superhost
1507982178532436306,https://www.airbnb.com/rooms/1507982178532436306,Modern 2BHK with Fountain and Burj Khalifa View,Entire home/apt,2,3,2.0,7,11412.0,4.75,4.25,5,4.75,5,5,5,4,706579259,Hosted by Vineet,False,False,,
1351301127935778554,https://www.airbnb.com/rooms/1351301127935778554,Full Burj Khalifa View | 2BR | Brand New,Entire home/apt,2,3,2.0,6,7882.0,4.97,4.93,4.95,4.97,4.98,5,4.86,59,597798169,Hosted by Luxe Living Collection,True,True,,Superhost | Guest Favorite
791758220300891217,https://www.airbnb.com/rooms/791758220300891217,Burj Khalifa & Fountain View | Dubai Mall | Luxury,Entire home/apt,4,5,4.5,10,21837.0,4.96,5,5,5,5,5,4.82,28,481366694,Hosted by MajeStay,True,True,,Superhost | Guest Favorite
1396713140378171072,https://www.airbnb.com/rooms/1396713140378171072,Skyline Nautical 2BR | Persian Gulf Views I PS5,Entire home/apt,2,5,2.0,8,8154.0,4.83,4.83,4.71,4.83,4.92,4.96,4.79,24,587525923,Hosted by Skyline Serenity,True,False,,Superhost
1513641002759055686,https://www.airbnb.com/rooms/1513641002759055686,GRaNDE New Year Best BURJ Khalifa Firework view,Entire home/apt,2,3,2.0,6,9380.0,4.67,4.83,4.75,4.83,4.92,4.83,4.58,12,712650819,Hosted by Abdul Ahad,True,False,,Superhost
48684800,https://www.airbnb.com/rooms/48684800,Elite Royal Suit | 3BRs | Full Burj Khalifa View,Entire home/apt,3,3,2.5,8,9331.0,4.67,4.72,4.78,4.76,4.84,4.91,4.6,86,24281173,Hosted by Elite Royal Apartments,False,False,,
968185210638062628,https://www.airbnb.com/rooms/968185210638062628,Vogue| Opera Grand near Dubai Mall | Burj Khalifa,Entire home/apt,2,3,2.5,6,8070.0,4.76,4.79,4.71,4.66,4.84,4.82,4.58,38,497849450,Hosted by Vogue,False,False,,
1427619991893372836,https://www.airbnb.com/rooms/1427619991893372836,Sky-High 2BR • Burj Views • Walk to Dubai Mall,Entire home/apt,2,4,2.0,6,13919.0,4.6,4.6,4.6,4.6,4.6,4.6,4.5,10,687347587,Hosted by Nobeleon,True,False,,Superhost
1168168454082930861,https://www.airbnb.com/rooms/1168168454082930861,Sky Residence | 5BRs | Breathtaking Views,Entire home/apt,5,6,4.5,12,12664.0,4.71,4.68,4.93,4.86,4.79,5,4.93,28,24281173,Hosted by Elite Royal Apartments,False,False,,
1343490330465314630,https://www.airbnb.com/rooms/1343490330465314630,Stunning Burj Khalifa & Fountain Views | Lux 2BR,Entire home/apt,2,2,2.0,5,14585.0,4.73,4.8,4.73,4.8,4.87,4.93,4.67,15,570733431,Hosted by Yazz,True,False,,Superhost
1314932715443079083,https://www.airbnb.com/rooms/1314932715443079083,2BR | Iconic Burj Khalifa View | Downtown,Entire home/apt,2,2,2.0,4,8649.0,5,5,5,5,5,5,5,8,495814098,Hosted by Venduras Holiday Homes,False,True,,Guest Favorite
1576286318319786359,https://www.airbnb.com/rooms/1576286318319786359,Luxury 2BR Burj Crown Stay  Downtown,Entire home/apt,2,1,2.0,10,6914.0,0,0,0,0,0,0,0,0,251016983,Hosted by Gilda Estate,False,False,,
1579561786470036439,https://www.airbnb.com/rooms/1579561786470036439,Top New Fountain & Burj Khalifa View | Sky Series,Entire home/apt,5,6,4.5,12,10840.0,0,0,0,0,0,0,0,0,24281173,Hosted by Elite Royal Apartments,False,False,,
1221456336988273379,https://www.airbnb.com/rooms/1221456336988273379,"3BR Escape: Pool, Gym & Next to Dubai Mall & Burj",Entire home/apt,3,4,2.5,7,15600.0,5,5,5,5,5,5,5,2,544221512,Hosted by Prashant,False,False,,
1264329147654570932,https://www.airbnb.com/rooms/1264329147654570932,Modern apartment in the heart of Downtown,Entire home/apt,2,2,1.0,4,4764.0,4.4,4.5,4.6,4.5,4.5,5,4.2,10,560673195,Hosted by Dayf,True,False,,Superhost
1515609884824406592,https://www.airbnb.com/rooms/1515609884824406592,65% Off December | 2 BR | WalkTo Dubai Mall,Entire home/apt,2,5,2.5,12,9400.0,4.83,4.83,5,4.67,5,5,5,6,486839053,Hosted by Eishvak,True,False,,Superhost
1296528092224746533,https://www.airbnb.com/rooms/1296528092224746533,New 2BR | Burj View | 4mn walk to Dubai Mall,Entire home/apt,2,3,2.0,4,14042.0,5,5,4.96,5,5,5,5,27,663609651,Hosted by Sherif,True,True,5,Superhost | Guest Favorite | Top 5%
1294748170424137295,https://www.airbnb.com/rooms/1294748170424137295,Downtown Burj Khalifa & Fountains views 2 BR,Entire home/apt,2,2,2.5,4,6862.0,4.67,4.67,4.67,4.58,4.58,4.67,4.67,12,592503093,Hosted by Marigold Vacation Homes Rental,True,False,,Superhost
1051145580711491290,https://www.airbnb.com/rooms/1051145580711491290,Modern Living 2BR in Dubai Opera Downtown,Entire home/apt,2,2,2.0,4,5950.0,4,4.14,4,4.14,4,4.86,4,7,490804531,Hosted by Sejourne,False,False,,
1580182319759433999,https://www.airbnb.com/rooms/1580182319759433999,Burj Khalifa & Fountain View | Luxury 2BR,Entire home/apt,2,2,2.0,4,10500.0,0,0,0,0,0,0,0,0,544681432,Hosted by Enklo Vacation Homes,True,False,,Superhost
1058451006760501887,https://www.airbnb.com/rooms/1058451006760501887,"Upgraded 2 Bd in Act I Act II, Downtown/Dubai Mall",Entire home/apt,2,2,2.0,4,6321.0,4.7,4.8,4.9,4.85,4.85,4.95,4.8,20,17417202,Hosted by GUESTA Holiday Homes Rental LLC,False,False,,
1282522835708800915,https://www.airbnb.com/rooms/1282522835708800915,GRaNDE BEST Burj Khalifa view |38th floor| 6Guests,Entire home/apt,2,3,2.0,6,11087.0,5,5,4.83,4.67,5,5,4.67,7,584400312,Hosted by ⁨BLCK Residence Dubai LLC.⁩,False,False,,
1091413632373104560,https://www.airbnb.com/rooms/1091413632373104560,Ocean Crown in Downtown dubai - Opera district,Entire home/apt,2,2,2.0,4,6841.0,4.91,4.88,4.97,4.79,4.82,4.94,4.88,34,111884452,Hosted by Fns,False,True,,Guest Favorite
1082486910436466790,https://www.airbnb.com/rooms/1082486910436466790,Top Floor 2 Bed Home | Partial Burj Views | 171BC2,Entire home/apt,2,0,2.0,4,5830.0,4.62,4.67,4.48,4.43,4.76,4.95,4.38,21,543210353,Hosted by Zuko Home Square,False,False,,
1538541843605400508,https://www.airbnb.com/rooms/1538541843605400508,"Incredible Lux Burj & Fountain Views, Sleeps to 10",Entire home/apt,2,5,2.5,10,9298.0,0,0,0,0,0,0,0,0,5634873,Hosted by Belle,False,False,,
1485428201534386418,https://www.airbnb.com/rooms/1485428201534386418,Shukr–شكر| Panoramic Burj View 3BR near Dubai Mall,Entire home/apt,3,3,2.5,6,12839.0,5,5,5,5,5,5,5,3,712632358,Hosted by Dar Samita,False,False,,
1587563199953927143,https://www.airbnb.com/rooms/1587563199953927143,Burj Khalifa & Fountain View | 2BR| Opera District,Entire home/apt,2,2,2.0,5,7742.0,0,0,0,0,0,0,0,0,656895512,Hosted by Luxe Living Collection,False,False,,
1308560778675419783,https://www.airbnb.com/rooms/1308560778675419783,2-BR | Grande Signature | Burj Khalifa View,Entire home/apt,2,2,2.0,4,9776.0,5,5,5,5,5,5,5,1,487931083,Hosted by Astatine Holiday Homes,False,False,,
1252734171807402466,https://www.airbnb.com/rooms/1252734171807402466,3BR Address Residence Dubai Opera |Downtown & Burj,Entire home/apt,3,3,2.5,6,14430.0,5,5,4.67,5,5,5,5,6,544221512,Hosted by Prashant,False,False,,
1177325786018941632,https://www.airbnb.com/rooms/1177325786018941632,Balcony Overlooking Burj Khalifa and Fountain Show,Entire home/apt,4,5,3.5,9,9692.0,4.83,4.86,4.83,4.78,4.88,4.97,4.78,58,574373991,Hosted by Juliana - Stayfinity Vacation Homes Rentals,True,False,,Superhost
1403640825193825276,https://www.airbnb.com/rooms/1403640825193825276,"Lux 3BR+M, Comfy Beds, 4TVs, 1Gb, Burj & Fountain",Entire home/apt,4,6,3.5,10,12632.0,4.8,4.9,4.7,4.9,5,5,4.7,10,689437640,Hosted by Karolina,True,False,,Superhost
1314230862086687693,https://www.airbnb.com/rooms/1314230862086687693,Upgraded 2BR with Burj Khalifa & Fountain View,Entire home/apt,2,3,2.0,4,9931.0,5,5,4.92,5,5,4.92,4.85,13,17417202,Hosted by GUESTA Holiday Homes Rental LLC,False,True,,Guest Favorite
1523886905566760783,https://www.airbnb.com/rooms/1523886905566760783,Dreamshoma Luxury 3BR + Maid Burj & Fountain View,Entire home/apt,3,3,4.0,6,15855.0,5,4.75,5,4.5,4.25,4.75,4.75,4,539357391,Hosted by Dreamshoma Holiday Homes,False,False,,
1492609951130540916,https://www.airbnb.com/rooms/1492609951130540916,"Burj Khalifa, Fountain View | Close to Dubai Mall",Entire home/apt,2,3,2.0,4,7563.0,5,5,5,5,5,5,4,2,676970446,Hosted by TRPS Vacation Homes Rental LLC,True,False,,Superhost
1424769017447946773,https://www.airbnb.com/rooms/1424769017447946773,Luxury 2BR • Sea View • Walk to Burj & Dubai Mall,Entire home/apt,2,4,1.0,6,12414.0,5,4,5,5,5,5,5,1,687347587,Hosted by Nobeleon,True,False,,Superhost
627210250682940209,https://www.airbnb.com/rooms/627210250682940209,Amazing Burj Khalifa & New Fountain View | 2+1BRs,Entire home/apt,3,4,2.5,10,8270.0,4.61,4.51,4.6,4.68,4.6,4.91,4.47,57,24281173,Hosted by Elite Royal Apartments,False,False,,
1552686320667718597,https://www.airbnb.com/rooms/1552686320667718597,Sky High Luxury – 2BR Burj View @ Grande Tower,Entire home/apt,2,3,2.0,4,10311.0,0,0,0,0,0,0,0,0,569685545,Hosted by Elite Cribs,False,False,,
1582008869360378290,https://www.airbnb.com/rooms/1582008869360378290,2BR Downtown - Near Burj Khalifa - Private Podium,Entire home/apt,2,2,2.5,4,7067.0,0,0,0,0,0,0,0,0,705207424,Hosted by Eagle Eye,False,False,,
1430262063577590683,https://www.airbnb.com/rooms/1430262063577590683,Luxury 2BR High FLR Beside Burj Khalifa| Like Home,Entire home/apt,2,2,2.0,5,6467.0,4.25,4.5,3.75,4,4.25,5,4.25,4,245909896,Hosted by Like Home Vacation Rental,False,False,,
1370122138707099160,https://www.airbnb.com/rooms/1370122138707099160,Next to Burj Khalifa & Dubai Mall 2BR | Like Home,Entire home/apt,2,2,2.0,5,6467.0,4.2,4.6,5,4.6,5,4.6,4.6,5,245909896,Hosted by Like Home Vacation Rental,False,False,,
1544360528156587188,https://www.airbnb.com/rooms/1544360528156587188,"High Floor, Luxury 2BR, 2 min to Dubai Mall",Entire home/apt,2,4,2.0,5,11293.0,5,5,5,5,5,5,5,3,489417511,Hosted by Michelle,True,False,,Superhost
1440385494689502648,https://www.airbnb.com/rooms/1440385494689502648,Stylish 2BR Near Dubai Mall,Entire home/apt,2,2,2.0,4,6127.0,4.55,4.64,4.64,4.64,4.64,4.64,4.64,11,693841266,Hosted by Canvas Holiday Homes Rental,True,False,,Superhost
1582423506669538279,https://www.airbnb.com/rooms/1582423506669538279,Stunning 2BR | Full Burj View | Opera District,Entire home/apt,2,5,2.0,10,7694.0,0,0,0,0,0,0,0,0,728475896,Hosted by THH Luxury Stays,False,False,,
1191901261740436278,https://www.airbnb.com/rooms/1191901261740436278,Full Burj Khalifa & New Fountain View - Sky Series,Entire home/apt,3,3,2.5,8,10088.0,4.66,4.69,4.74,4.83,4.86,4.89,4.57,35,24281173,Hosted by Elite Royal Apartments,False,False,,
1371522838078328102,https://www.airbnb.com/rooms/1371522838078328102,Vogue | in Heart of Downtown near Burj Khalifa,Entire home/apt,2,3,2.5,6,6595.0,4.43,4.43,4.43,4.43,4.29,4.43,4.43,7,497849450,Hosted by Vogue,False,False,,
1453930533228374521,https://www.airbnb.com/rooms/1453930533228374521,LUXE 2BR|Amazing Burj Khalifa View|4min Dubai Mall,Entire home/apt,2,4,2.0,7,9055.0,5,5,5,5,5,5,4.88,8,665374213,Hosted by Sanctuary Stays,True,True,,Superhost | Guest Favorite
1075057676316484805,https://www.airbnb.com/rooms/1075057676316484805,Elegant 2bdr In Forte Downtown-32,Entire home/apt,2,2,2.0,4,5378.0,4.83,4.78,4.78,4.5,4.72,4.94,4.78,18,396591788,Hosted by The Prive,False,False,,
1541763159338525052,https://www.airbnb.com/rooms/1541763159338525052,Burj Khalifa View 3Bedroom+Maid's Room in Downtown,Entire home/apt,3,3,2.0,7,8505.0,5,5,5,5,5,5,5,2,389059172,Hosted by Allsopp & Allsopp,False,False,,
625053964415201164,https://www.airbnb.com/rooms/625053964415201164,Stand Point Tower I Burj Khalifa & Fountain Views,Entire home/apt,2,2,2.5,4,6974.0,4.84,4.72,4.72,4.8,4.8,4.96,4.8,25,256251560,Hosted by Ashish,False,False,,
746017007366067964,https://www.airbnb.com/rooms/746017007366067964,Stylish 2 Bedroom - Opera View - Near Burj Khalifa,Entire home/apt,2,2,2.0,4,8574.0,4.61,4.73,4.45,4.76,4.94,4.91,4.42,33,35371425,Hosted by Hussain,False,False,,
1455616560973783110,https://www.airbnb.com/rooms/1455616560973783110,Vibrant 2 Bedroom l Pool with Burj Khalifa View,Entire home/apt,2,2,2.0,4,5676.0,5,5,5,5,5,5,3,1,473042959,Hosted by Vacationer,True,False,,Superhost
1314171062929122170,https://www.airbnb.com/rooms/1314171062929122170,"Upgraded 3BR Fountain View | Forte, Downtown/Opera",Entire home/apt,3,3,3.5,6,10031.0,5,5,5,5,4.95,5,4.9,20,17417202,Hosted by GUESTA Holiday Homes Rental LLC,False,True,,Guest Favorite
1372347265456235891,https://www.airbnb.com/rooms/1372347265456235891,"60. Floor | Sunset, Skyscraper, Ocean View | 2 BR",Entire home/apt,2,6,2.0,6,9726.0,5,5,5,5,5,5,5,9,667480901,Hosted by Homefeeling Falcon,True,True,,Superhost | Guest Favorite
1582827604782641372,https://www.airbnb.com/rooms/1582827604782641372,"Downtown Icon, Burj View Residences",Entire home/apt,2,2,2.0,5,8993.0,0,0,0,0,0,0,0,0,732448409,Hosted by Aleksandra,False,False,,
22155378,https://www.airbnb.com/rooms/22155378,Burj Khalifa view - Iconic 2BDR Downtown Dubai,Entire home/apt,2,3,2.0,5,9666.0,4.72,4.74,4.66,4.85,4.87,4.86,4.59,278,52261952,Hosted by Shahid,True,False,,Superhost
1321684354239512340,https://www.airbnb.com/rooms/1321684354239512340,Act One Act Two - Marvelous Three Bed in Downtown,Entire home/apt,3,3,3.5,6,8180.0,4.67,5,5,5,4.67,4.67,5,3,473042959,Hosted by Vacationer,True,False,,Superhost
1455807258975269011,https://www.airbnb.com/rooms/1455807258975269011,Pristine 2BR in Burj Crown - Minutes to Dubai Mall,Entire home/apt,2,4,2.0,5,6269.0,5,5,5,5,5,5,4.75,4,527788999,Hosted by Frank,False,False,,
1309329131566992448,https://www.airbnb.com/rooms/1309329131566992448,New 2BR | Burj Khalifa Infinity Pool | Dubai Mall,Entire home/apt,2,5,2.0,7,6157.0,4.65,4.83,4.7,4.35,4.78,4.74,4.39,23,663174398,Hosted by SmartStay Homes,True,False,,Superhost
1472256861984293793,https://www.airbnb.com/rooms/1472256861984293793,Premium 2BR Near Burj Khalifa & DubMall | LikeHome,Entire home/apt,2,2,2.0,5,6175.0,0,0,0,0,0,0,0,0,245909896,Hosted by Like Home Vacation Rental,False,False,,
1480893370489622035,https://www.airbnb.com/rooms/1480893370489622035,Burj Khalifa View/with Infinity Pool/ Downtown/2BR,Entire home/apt,2,4,2.0,6,12277.0,4.88,5,5,5,5,5,5,8,707254835,Hosted by Arrive Stays Dubai,False,True,,Guest Favorite
1558593768980346591,https://www.airbnb.com/rooms/1558593768980346591,2BR Burj Khalifa & Fountain Views | Grande Tower,Entire home/apt,2,2,2.0,4,10311.0,5,5,5,5,5,5,3,1,569685545,Hosted by Elite Cribs,False,False,,
1371104181497708976,https://www.airbnb.com/rooms/1371104181497708976,Gogoto Lux Burj Khalifa NYE Fireworks View PS5,Entire home/apt,2,5,2.0,10,11366.0,4.8,5,4.8,4.5,5,5,4.6,10,682258672,Hosted by Gogoto,True,False,,Superhost
1529869959846278605,https://www.airbnb.com/rooms/1529869959846278605,Luxury in Dubai 2 bedroom apartment with balcony,Entire home/apt,2,3,2.0,4,6788.0,0,0,0,0,0,0,0,0,658639609,Hosted by Helmi,False,False,,
619284600435917730,https://www.airbnb.com/rooms/619284600435917730,"Upgraded 2 Bd in Act I Act II, Downtown/Opera",Entire home/apt,2,3,2.0,4,6371.0,4.73,5,4.55,4.73,4.73,4.91,4.45,11,17417202,Hosted by GUESTA Holiday Homes Rental LLC,False,False,,
1307919279054193419,https://www.airbnb.com/rooms/1307919279054193419,Luxury Grande Downtown Full Burj khalifa Views,Entire home/apt,4,5,3.5,7,11558.0,5,5,5,5,5,5,5,2,224774243,Hosted by Amazing Stays Dubai,False,False,,
1219269782605517326,https://www.airbnb.com/rooms/1219269782605517326,2BR High Floor Sea & Skyline View- Grande Downtown,Entire home/apt,2,3,2.0,4,6740.0,4.88,4.94,4.94,4.82,4.82,4.94,4.94,17,17417202,Hosted by GUESTA Holiday Homes Rental LLC,False,True,,Guest Favorite
1404983487537689676,https://www.airbnb.com/rooms/1404983487537689676,Burj Khalifa & Fountain View Premium 2BR Like Home,Entire home/apt,2,3,2.0,5,6467.0,5,4.5,4,5,5,5,5,2,245909896,Hosted by Like Home Vacation Rental,False,False,,
1065089906223092894,https://www.airbnb.com/rooms/1065089906223092894,Plush 2BR at Grand Opera Downtown Dubai,Entire home/apt,2,2,2.5,4,8466.0,4.38,4.75,4.63,4.5,4,5,4.38,8,74933177,Hosted by Deluxe Holiday Homes,False,False,,
1172272470129969714,https://www.airbnb.com/rooms/1172272470129969714,"Upgraded 3BR Fountain View | Forte, Downtown/Opera",Entire home/apt,4,5,3.5,7,8600.0,4.89,4.84,4.63,4.84,4.89,4.95,4.53,19,17417202,Hosted by GUESTA Holiday Homes Rental LLC,False,False,,
1328898781511666757,https://www.airbnb.com/rooms/1328898781511666757,GuestReady - Luxurious stay with Burj Khalifa view,Entire home/apt,3,3,3.0,6,9973.0,4.91,4.82,5,4.91,5,5,4.82,11,671385283,Hosted by GuestReady,False,True,,Guest Favorite
1325211621870368883,https://www.airbnb.com/rooms/1325211621870368883,Cozy 2-Bed Home with Burj Khalifa Views 204GR-2,Entire home/apt,2,0,2.0,4,7120.0,4.18,4.36,4.45,4.27,4.55,4.82,4.27,11,543210353,Hosted by Zuko Home Square,False,False,,
1090988356786319009,https://www.airbnb.com/rooms/1090988356786319009,Near Burj Khalifa & Opera | Cozy Design,Entire home/apt,2,4,2.0,6,7315.0,4.93,4.84,4.73,4.98,4.93,4.98,4.82,44,36331840,Hosted by Arseniy,True,False,,Superhost
1583988379245407254,https://www.airbnb.com/rooms/1583988379245407254,Royal 2BR | City Skyline Views | Near Burj Khalifa,Entire home/apt,2,3,2.0,4,8628.0,0,0,0,0,0,0,0,0,544221423,Hosted by Lokith,False,False,,
1577507368599628318,https://www.airbnb.com/rooms/1577507368599628318,Panorama Bed View | 2BR | | 5 min walk Dubai Mall,Entire home/apt,2,4,2.0,6,9775.0,0,0,0,0,0,0,0,0,667480901,Hosted by Homefeeling Falcon,True,False,,Superhost
1365792825137838585,https://www.airbnb.com/rooms/1365792825137838585,Near Burj Khalifa Lux 2BR Skyline Views| Like Home,Entire home/apt,2,2,2.0,5,6467.0,4.33,4.5,4.33,4.33,4,4.67,4.33,6,245909896,Hosted by Like Home Vacation Rental,False,False,,
1442754393797612176,https://www.airbnb.com/rooms/1442754393797612176,"High Floor, steps from Burj&Dubai Mall, Pool, Gym",Entire home/apt,2,4,2.0,5,8103.0,4.64,4.55,4.64,4.45,4.55,4.64,4.55,11,489417511,Hosted by Michelle,True,False,,Superhost
1449310934813533267,https://www.airbnb.com/rooms/1449310934813533267,New Downtown Skyline & Sea View|Premium Amenities,Entire home/apt,2,5,2.0,9,8517.0,4.75,5,5,4.5,5,5,4.75,4,587656863,Hosted by AraBnB Homes,True,False,,Superhost
1580471712070668482,https://www.airbnb.com/rooms/1580471712070668482,Stunning 2BR|Full Burj & Fountain View - Downtown,Entire home/apt,2,2,2.0,3,9272.0,0,0,0,0,0,0,0,0,527788999,Hosted by Frank,False,False,,
1371644549359071332,https://www.airbnb.com/rooms/1371644549359071332,Luxurious 2BR with Burj Khalifa Views in Downtown,Entire home/apt,2,4,2.0,5,8455.0,4.67,4.78,4.78,4.33,4.56,4.94,4.67,18,527788999,Hosted by Frank,False,False,,
1080911718703100449,https://www.airbnb.com/rooms/1080911718703100449,GuestReady - Forte Tower | Steps from Dubai Mall,Entire home/apt,2,3,2.0,5,6493.0,4.5,4.93,4.79,4.29,4.36,4.86,4.5,14,559415980,Hosted by GuestReady,False,False,,
1560217156240832238,https://www.airbnb.com/rooms/1560217156240832238,EDiTiON - 4 BR - BURJ KHALiFA & FOUNTAiN ViEW,Entire home/apt,4,5,3.5,9,34541.0,5,5,5,5,5,5,5,5,25218166,Hosted by SeaView Grand,True,True,10,Superhost | Guest Favorite | Top 10%
1452665697263519565,https://www.airbnb.com/rooms/1452665697263519565,"Burj Khalifa Center Stage, Epic NYE Fireworks Stay",Entire home/apt,2,2,2.0,4,10215.0,5,4.83,5,5,4.67,5,4.83,6,16121555,Hosted by Laya,False,True,,Guest Favorite
1505254954833897283,https://www.airbnb.com/rooms/1505254954833897283,Burj Grande 2BR – Burj Khalifa & Fountain View64,Entire home/apt,2,2,2.0,6,10313.0,4.89,4.89,4.89,4.89,4.89,5,5,9,716913702,Hosted by Ferid,False,True,,Guest Favorite
1572610672636069399,https://www.airbnb.com/rooms/1572610672636069399,Ultra-Luxury 2BR with Burj Khalifa view,Entire home/apt,2,2,2.0,4,13473.0,0,0,0,0,0,0,0,0,663609651,Hosted by Sherif,True,False,,Superhost
1520948025585547627,https://www.airbnb.com/rooms/1520948025585547627,Burj Khalifa NEY Live Fireworks- Badge Available,Entire home/apt,3,4,3.0,6,9615.0,0,0,0,0,0,0,0,0,712708050,Hosted by Aspin Holiday Homes,False,False,,
1551196129817782648,https://www.airbnb.com/rooms/1551196129817782648,Downtown Dubai | 2BR Luxury w/ Stunning Views,Entire home/apt,2,3,2.5,5,11986.0,0,0,0,0,0,0,0,0,570733431,Hosted by Yazz,True,False,,Superhost
1350447177599479660,https://www.airbnb.com/rooms/1350447177599479660,3 Bd Fountain View Forte Downtown/Dubai Mall/Opera,Entire home/apt,4,5,3.5,7,9505.0,4.58,4.83,4.75,4.83,4.92,5,4.42,12,17417202,Hosted by GUESTA Holiday Homes Rental LLC,False,False,,
1455920040417323482,https://www.airbnb.com/rooms/1455920040417323482,UNiQUE - 4 BR - BURJ KHALiFA & FOUNTAiN ViEW,Entire home/apt,4,5,3.5,9,32874.0,5,4.93,5,4.93,5,5,4.93,14,25218166,Hosted by SeaView Grand,True,True,,Superhost | Guest Favorite
1349406340242156328,https://www.airbnb.com/rooms/1349406340242156328,2BR Sky High Burj Khalifa & Dubai Fountain Views,Entire home/apt,2,3,2.0,5,19090.0,5,5,5,5,5,5,5,5,677009121,Hosted by SML Vacation Homes Dubai,True,True,,Superhost | Guest Favorite
1570238058175557201,https://www.airbnb.com/rooms/1570238058175557201,High-Floor 2BR with Burj Khalifa & Fountain Views,Entire home/apt,2,3,2.0,4,10331.0,0,0,0,0,0,0,0,0,74933177,Hosted by Deluxe Holiday Homes,False,False,,
1564528556580226854,https://www.airbnb.com/rooms/1564528556580226854,Vogue | Forte Opera District near Dubai Mall,Entire home/apt,2,3,2.5,6,6890.0,5,5,5,5,5,5,5,1,497849450,Hosted by Vogue,False,False,,
1461266643719145386,https://www.airbnb.com/rooms/1461266643719145386,Stunning 4BR with Burj Khalifa and Fountain View,Entire home/apt,4,7,3.0,14,12839.0,5,5,5,5,5,5,5,1,694835596,Hosted by Wanderhaus Holiday Homes,True,False,,Superhost
27303197,https://www.airbnb.com/rooms/27303197,Elite Royal Apartment 4BR + full Burj Khalifa view,Entire home/apt,4,5,3.5,10,11149.0,4.78,4.69,4.62,4.8,4.79,4.93,4.53,107,24281173,Hosted by Elite Royal Apartments,False,False,,
1577393409548871734,https://www.airbnb.com/rooms/1577393409548871734,Burj Khalifa Fireworks at Your Window | DT Luxury,Entire home/apt,4,4,3.5,7,16647.0,0,0,0,0,0,0,0,0,488967246,Hosted by Ranya,False,False,,
1522312629030107980,https://www.airbnb.com/rooms/1522312629030107980,2BR Deluxe Balcony Near Dubai Mall & Burj Khalifa,Entire home/apt,2,2,2.5,4,9790.0,0,0,0,0,0,0,0,0,544221512,Hosted by Prashant,False,False,,
1566300996400296454,https://www.airbnb.com/rooms/1566300996400296454,Home next to the Burj khalifa,Entire home/apt,2,2,2.0,4,10860.0,0,0,0,0,0,0,0,0,339479043,Hosted by Corine,False,False,,
1380908969714430989,https://www.airbnb.com/rooms/1380908969714430989,"شقة فاخرة بغرفتين في قلب داون تاو ن

Act one2004",Entire home/apt,2,2,2.0,3,39942.0,4.9,5,4.81,4.81,4.95,5,4.9,21,671118576,Hosted by Khalid,True,True,,Superhost | Guest Favorite
49192540,https://www.airbnb.com/rooms/49192540,Elite Royal Suit | 2+1BR | Full Burj Khalifa View,Entire home/apt,3,3,2.5,8,9685.0,4.67,4.65,4.58,4.68,4.64,4.89,4.47,81,24281173,Hosted by Elite Royal Apartments,False,False,,
1427120018194192974,https://www.airbnb.com/rooms/1427120018194192974,LUXE 2BHK | Burj Khalifa | Dubai Mall | Infi Pool,Entire home/apt,2,4,2.0,7,9698.0,4.95,4.95,4.9,4.9,4.95,4.95,4.95,20,697033001,Hosted by The Meridian Luxe Holiday Homes,True,True,,Superhost | Guest Favorite
1159202124753154783,https://www.airbnb.com/rooms/1159202124753154783,Sky Edition - Views of Burj Khalifa & Fountain,Entire home/apt,4,5,3.5,8,11956.0,4.9,4.9,4.97,4.81,4.87,5,4.87,31,24281173,Hosted by Elite Royal Apartments,False,True,,Guest Favorite
1485968798004562295,https://www.airbnb.com/rooms/1485968798004562295,Downtown Luxe | 2BR + 2 Balconies + Pool Access,Entire home/apt,2,4,2.0,8,8924.0,4.5,4.5,4.5,5,5,5,5,2,582218697,Hosted by YADO Vacation Homes,True,False,,Superhost
1427616641573405650,https://www.airbnb.com/rooms/1427616641573405650,2BR • Walk to Burj • Mall & Opera • Pool View,Entire home/apt,2,4,2.0,6,13229.0,0,0,0,0,0,0,0,0,687347587,Hosted by Nobeleon,True,False,,Superhost
1326668500446306866,https://www.airbnb.com/rooms/1326668500446306866,28th Floor Luxury Haven in Grande with Burj Views,Entire home/apt,3,3,3.5,7,15536.0,5,5,5,5,5,5,5,1,569685545,Hosted by Elite Cribs,False,False,,
1404091504032503504,https://www.airbnb.com/rooms/1404091504032503504,"Elegant 4BR, Pool and Boulevard Views",Entire home/apt,4,7,3.0,10,12246.0,4.45,4.36,4.55,4.55,4.64,4.82,4.36,11,566825748,Hosted by Roomszy Dubai,False,False,,
1579528632513825805,https://www.airbnb.com/rooms/1579528632513825805,Modern Downtown Dubai Apartment Near Burj Khalifa,Entire home/apt,2,3,2.0,4,11713.0,0,0,0,0,0,0,0,0,16121555,Hosted by Laya,False,False,,
1265140109299989961,https://www.airbnb.com/rooms/1265140109299989961,"Ocean And Boulevard View| Next to Dubai Mall, Burj",Entire home/apt,2,3,2.0,8,6678.0,5,5,5,5,5,5,5,2,203084357,Hosted by Arami,False,False,,
1406237080650023593,https://www.airbnb.com/rooms/1406237080650023593,luxurious stay in the heart of downtown dubai,Entire home/apt,4,4,3.0,6,10791.0,5,5,5,5,5,5,5,1,658639609,Hosted by Helmi,False,False,,
1580182319417503985,https://www.airbnb.com/rooms/1580182319417503985,Iconic Burj Khalifa View | Designer 2BR,Entire home/apt,2,2,2.0,4,10500.0,0,0,0,0,0,0,0,0,544681432,Hosted by Enklo Vacation Homes,True,False,,Superhost
1583797584911578465,https://www.airbnb.com/rooms/1583797584911578465,Stunning 2 BR | Burj Khalifa & Fountain Views!,Entire home/apt,2,4,2.0,6,17940.0,0,0,0,0,0,0,0,0,732386953,Hosted by Signature Collection,False,False,,
1447499969032479008,https://www.airbnb.com/rooms/1447499969032479008,GRaNDE BEST Burj Khalifa view |16th floor| 6Guests,Entire home/apt,2,3,2.0,6,11133.0,5,5,5,5,5,5,5,2,584400312,Hosted by ⁨BLCK Residence Dubai LLC.⁩,False,False,,
1283023373916107968,https://www.airbnb.com/rooms/1283023373916107968,Downtown Sky High City & Sea Views Opp. Dubai Mall,Entire home/apt,2,5,2.0,8,7169.0,5,5,5,5,5,5,5,6,4613718,Hosted by Giya,False,True,,Guest Favorite
1269473676400305430,https://www.airbnb.com/rooms/1269473676400305430,Cozy Home with City Views near Burj Khalifa 198GR2,Entire home/apt,2,0,2.0,4,6440.0,4.42,4.42,4.58,4.25,4.75,4.75,4.33,12,543210353,Hosted by Zuko Home Square,False,False,,
1125765868082398670,https://www.airbnb.com/rooms/1125765868082398670,"Luxury 3BHK, Burj Khalifa & Dancing fountain view",Entire home/apt,3,4,3.5,7,10766.0,4.57,4.57,4.5,4.57,4.57,4.86,4.5,14,512490367,Hosted by Haly Vacation Homes,False,False,,
1064313505216530469,https://www.airbnb.com/rooms/1064313505216530469,Stayis -2BR Iconic Burj Khalifa Partial View,Entire home/apt,2,3,2.0,4,8417.0,5,5,5,5,5,5,5,1,395072140,Hosted by Stayis,False,False,,
1517318362405186853,https://www.airbnb.com/rooms/1517318362405186853,"The Residences 1, Burj Khalifa and Fountain View",Entire home/apt,2,0,1.5,4,8585.0,0,0,0,0,0,0,0,0,390318958,Hosted by Second Home,False,False,,
1284005270772531606,https://www.airbnb.com/rooms/1284005270772531606,High End 3bed-Burj khalifa-fountain-Dubai mall,Entire home/apt,3,3,2.5,6,13056.0,5,5,5,5,5,5,5,1,660844255,Hosted by Friends Home,False,False,,
1475930348995886008,https://www.airbnb.com/rooms/1475930348995886008,Luxury 2 BR - Next Door To Burj w/ Balcony,Entire home/apt,2,2,2.0,4,9780.0,0,0,0,0,0,0,0,0,544221512,Hosted by Prashant,False,False,,
1403698391919983394,https://www.airbnb.com/rooms/1403698391919983394,GRaNDE BEST Burj Khalifa view |42nd floor| 6Guests,Entire home/apt,2,1,2.0,6,10459.0,5,5,5,5,5,5,5,1,584400312,Hosted by ⁨BLCK Residence Dubai LLC.⁩,False,False,,
1188111729724462189,https://www.airbnb.com/rooms/1188111729724462189,Top Floor Home with Amazing City Views 188BC-2,Entire home/apt,2,0,2.0,4,5480.0,4.18,4.55,4.45,4.73,4.73,4.73,4.18,11,543210353,Hosted by Zuko Home Square,False,False,,
1542666813130306545,https://www.airbnb.com/rooms/1542666813130306545,Skyline Splendor 2bedroom with Burj Khalifa View,Entire home/apt,2,3,2.0,4,12350.0,4,4.33,4.67,4,4,5,4,3,388489360,Hosted by Suiteable,False,False,,
1299085498617972958,https://www.airbnb.com/rooms/1299085498617972958,NYE Burj Khalifa & Fountain View Fireworks Stay,Entire home/apt,2,2,2.0,4,9350.0,4.38,4.5,4.05,4.43,4.67,4.86,4.33,42,521550090,Hosted by Frank & Frank Holiday Homes,False,False,,
1430247512225832813,https://www.airbnb.com/rooms/1430247512225832813,"Livbnb-Upgraded 3B+Maid's, Opera District View",Entire home/apt,4,4,3.5,7,9396.0,4,4.17,3.67,4.83,4.17,4.83,3.83,6,405760695,Hosted by Livbnb,False,False,,
1316947442887584330,https://www.airbnb.com/rooms/1316947442887584330,2BR on the 43rd floor of Grande,Entire home/apt,2,3,2.5,4,11585.0,5,5,5,5,5,5,5,1,569685545,Hosted by Elite Cribs,False,False,,
1439639960391459651,https://www.airbnb.com/rooms/1439639960391459651,"Iconic 3BR, Full Burj Khalifa View, Downtown Dubai",Entire home/apt,3,4,3.5,7,13478.0,5,5,5,5,5,5,5,2,676970446,Hosted by TRPS Vacation Homes Rental LLC,True,False,,Superhost
1434708512218146313,https://www.airbnb.com/rooms/1434708512218146313,Burj Khalifa & Fountain View NYE Fireworks Stay,Entire home/apt,2,2,2.0,4,9350.0,4.47,4.33,4.27,4.4,4.47,5,4.33,15,521550090,Hosted by Frank & Frank Holiday Homes,False,False,,
677343353041811128,https://www.airbnb.com/rooms/677343353041811128,Durrani Homes-Luxe Living 3BR Besides Burj Khalifa,Entire home/apt,3,4,2.5,7,10498.0,4.62,4.49,4.65,4.44,4.32,4.91,4.55,77,329871146,Hosted by Durrani Homes,False,False,,
1482496347209038072,https://www.airbnb.com/rooms/1482496347209038072,2BR City View Stay • Walk to Burj & Dubai Mall,Entire home/apt,2,2,2.5,4,9780.0,0,0,0,0,0,0,0,0,544221512,Hosted by Prashant,False,False,,
1475976856522865505,https://www.airbnb.com/rooms/1475976856522865505,2BR Apt Address Opera Downtown next to Dubai Mall,Entire home/apt,2,2,2.0,4,9780.0,0,0,0,0,0,0,0,0,544221512,Hosted by Prashant,False,False,,
1540123108978149724,https://www.airbnb.com/rooms/1540123108978149724,Private 2BR Oasis w/Jacuzzi | Massage Chair | PS5!,Entire home/apt,2,5,2.5,6,7816.0,0,0,0,0,0,0,0,0,586014047,Hosted by Naji,True,False,,Superhost
1482541437988181715,https://www.airbnb.com/rooms/1482541437988181715,2BR Balcony Near Dubai Mall & Burj Khalifa,Entire home/apt,2,2,2.5,4,9780.0,0,0,0,0,0,0,0,0,544221512,Hosted by Prashant,False,False,,
1456686827536496458,https://www.airbnb.com/rooms/1456686827536496458,The Skyline Stars | Persian Gulf Views I PS5,Entire home/apt,2,8,2.0,13,12836.0,0,0,0,0,0,0,0,0,587525923,Hosted by Skyline Serenity,True,False,,Superhost
1430174190958850707,https://www.airbnb.com/rooms/1430174190958850707,2BR Next to Burj Khalifa| Skyline View - Like Home,Entire home/apt,2,4,2.0,5,6467.0,4.5,4.25,4.5,4.75,3.5,4.75,3.75,4,245909896,Hosted by Like Home Vacation Rental,False,False,,
1366541943564230723,https://www.airbnb.com/rooms/1366541943564230723,Full Burj Khalifa & Fountain View | Best Location,Entire home/apt,2,4,2.0,8,7677.0,4,4,4.5,4.5,4.5,4,4,2,590753729,Hosted by Wonderful Stay,True,False,,Superhost
1313813338531196674,https://www.airbnb.com/rooms/1313813338531196674,Luxury 3BR with Unmatched Burj Khalifa Views,Entire home/apt,3,4,3.5,7,17088.0,5,5,5,5,5,5,4,1,569685545,Hosted by Elite Cribs,False,False,,
1467992709457405441,https://www.airbnb.com/rooms/1467992709457405441,Near Burj Khalifa & Dubai Mall Skyline Like Home,Entire home/apt,2,3,2.0,5,6467.0,4.5,4.5,4.5,4.5,4.5,4.5,4.5,2,245909896,Hosted by Like Home Vacation Rental,False,False,,
1360829945841998382,https://www.airbnb.com/rooms/1360829945841998382,bnbme | Luxury 4BR w/ Burj Khalifa Fountain Views,Entire home/apt,4,4,3.0,7,10110.0,4,4.33,3.17,4.33,4.17,4.67,4.17,6,16121555,Hosted by Laya,False,False,,
1301236322304854998,https://www.airbnb.com/rooms/1301236322304854998,Skyline Prestige 4BR | Burj & Fountain Views | PS5,Entire home/apt,4,5,3.5,9,11737.0,4.22,4.11,4.67,4.33,4.56,4.89,4.11,9,587525923,Hosted by Skyline Serenity,True,False,,Superhost
1101464501846550248,https://www.airbnb.com/rooms/1101464501846550248,4BR | Facing Dubai Opera | Opposite Dubai Mall,Entire home/apt,4,5,3.5,7,10853.0,4.74,4.81,4.83,4.69,4.76,4.9,4.52,42,560673195,Hosted by Dayf,True,False,,Superhost
1203756250548905679,https://www.airbnb.com/rooms/1203756250548905679,3bed/ 2 min walk Dubai mall Burj Crown Tower,Entire home/apt,3,4,3.0,6,10301.0,5,5,4.75,5,5,5,5,4,357486819,Hosted by Anis,False,False,,
1569731397397777462,https://www.airbnb.com/rooms/1569731397397777462,SKYLiNE - 4 BR - BURJ KHALiFA & FOUNTAiN ViEW,Entire home/apt,4,6,3.5,11,29497.0,5,5,5,5,5,5,5,5,25218166,Hosted by SeaView Grand,True,True,10,Superhost | Guest Favorite | Top 10%
1515237489135628882,https://www.airbnb.com/rooms/1515237489135628882,Luxury 4BR | Burj Khalifa | Opera District,Entire home/apt,4,8,3.5,12,9886.0,4.67,5,4.33,4.67,5,4.67,5,3,251016983,Hosted by Gilda Estate,False,False,,
1572411698005320288,https://www.airbnb.com/rooms/1572411698005320288,Live New Year Fireworks from Balcony- Free Badge,Entire home/apt,3,3,3.0,6,13000.0,0,0,0,0,0,0,0,0,563738478,Hosted by Mohamed,False,False,,
1478189389909027366,https://www.airbnb.com/rooms/1478189389909027366,Luxury 2BR near Burj Khalifa | Next to Dubai Mall,Entire home/apt,2,2,2.0,6,7395.0,4.33,4.33,4.83,4.67,4.5,4.83,4.33,6,396723956,Hosted by Monty Holiday Home,False,False,,
1333957085894059936,https://www.airbnb.com/rooms/1333957085894059936,Elegant 2BR | Burj Khalifa & Opera House View,Entire home/apt,2,3,2.0,7,13502.0,4.29,4.71,4.29,4.57,4.86,4.86,4.14,7,651102269,Hosted by Peninsula Residences,False,False,,
1058087292230432310,https://www.airbnb.com/rooms/1058087292230432310,GuestReady - Heights haven with Burj Khalifa views,Entire home/apt,4,4,5.0,7,13332.0,4.49,4.6,4.53,4.4,4.47,4.87,4.44,45,553537120,Hosted by GuestReady,False,False,,
1346733830114840318,https://www.airbnb.com/rooms/1346733830114840318,Luxury at Grande Signature Downtown 2B Balcony,Entire home/apt,2,2,2.0,6,11506.0,5,5,4.83,5,5,5,4.83,6,658639609,Hosted by Helmi,False,True,,Guest Favorite
1189546666267540504,https://www.airbnb.com/rooms/1189546666267540504,Luxury 2BR Address Opera High floor Downtown Dubai,Entire home/apt,2,2,2.0,4,8605.0,3,3,4,5,5,5,3,2,570691247,Hosted by Escape24 Vacation Homes Rental,False,False,,
1384665579842170901,https://www.airbnb.com/rooms/1384665579842170901,Next to Burj Khalifa & Dubai Mall 2BR | Like Home,Entire home/apt,2,3,2.0,5,6467.0,4,4,4.75,3.75,3.75,4,4,4,245909896,Hosted by Like Home Vacation Rental,False,False,,
1488297649636125491,https://www.airbnb.com/rooms/1488297649636125491,Burj Khalifa & Dubai Fountain View Luxury 2BR Flat,Entire home/apt,2,3,2.0,6,15087.0,0,0,0,0,0,0,0,0,423620726,Hosted by Opuluxe Holiday Homes,False,False,,
1422341315923067528,https://www.airbnb.com/rooms/1422341315923067528,NYE Fireworks – Burj Khalifa & Fountain View,Entire home/apt,2,2,2.0,4,9350.0,4.25,4.25,4.13,4.5,4.5,4.5,4.25,8,521550090,Hosted by Frank & Frank Holiday Homes,False,False,,
1541402649155990528,https://www.airbnb.com/rooms/1541402649155990528,"Luxury 3BR, full Burj View, 2’ to Dubai Mall",Entire home/apt,3,8,4.0,14,21050.0,5,5,5,5,5,5,5,1,489417511,Hosted by Michelle,True,False,,Superhost
1492674566121033594,https://www.airbnb.com/rooms/1492674566121033594,GRaNDE BEST Burj Khalifa view |62nd floor| 6Guests,Entire home/apt,2,3,2.0,6,11373.0,0,0,0,0,0,0,0,0,584400312,Hosted by ⁨BLCK Residence Dubai LLC.⁩,False,False,,
1331127704481082195,https://www.airbnb.com/rooms/1331127704481082195,Iconic Grande Downtown 4B & Burj khalifa Views,Entire home/apt,4,5,3.5,9,10687.0,5,5,4,5,4,5,4,1,498444846,Hosted by Ines,False,False,,
1455699657248843653,https://www.airbnb.com/rooms/1455699657248843653,"Burj Khalifa view, 3 Bedroom + Maids Room, Forte",Entire home/apt,4,4,3.5,8,16502.0,5,5,5,5,5,5,5,1,390318958,Hosted by Second Home,False,False,,
1520942596401327009,https://www.airbnb.com/rooms/1520942596401327009,Burj Khalifa Views - 2 Bedroom at The Residences,Entire home/apt,2,3,2.5,5,5460.0,5,5,1,5,5,5,5,1,389059172,Hosted by Allsopp & Allsopp,False,False,,
983252364170130531,https://www.airbnb.com/rooms/983252364170130531,Elegant 2-BR Ritzy Retreat Steps from Burj Khalifa,Entire home/apt,2,2,2.0,4,8063.0,4.78,4.89,4.78,4.56,4.78,5,4.56,9,461183335,Hosted by Amber Holiday,False,False,,
1465103382687977190,https://www.airbnb.com/rooms/1465103382687977190,Sky Heights Downtown | 64F | Burj & Fountain View,Entire home/apt,2,4,2.0,5,11895.0,4,4,4,4,4,4.75,4,4,707254835,Hosted by Arrive Stays Dubai,False,False,,
1447742876416173757,https://www.airbnb.com/rooms/1447742876416173757,Next To Burj Khalifa| Skyline View 2BR Like Home,Entire home/apt,2,3,2.0,5,6467.0,4.67,4.33,4.33,4.33,4.33,4.67,4,3,245909896,Hosted by Like Home Vacation Rental,False,False,,
1468005944282823236,https://www.airbnb.com/rooms/1468005944282823236,Next to Burj Khalifa W Dubai Skyline View LikeHome,Entire home/apt,2,3,2.0,5,6467.0,4.2,4.4,4.2,3.8,4.2,5,4.4,5,245909896,Hosted by Like Home Vacation Rental,False,False,,
1208416163068113725,https://www.airbnb.com/rooms/1208416163068113725,Luxurious Living in  a 2 Bedroom at Forte Downtown,Entire home/apt,2,2,2.0,6,8180.0,4.33,4.67,4.5,5,4.67,4.67,4.08,12,388489360,Hosted by Suiteable,False,False,,
